variable,value_type,rank,value,count
bicarbonate_arterial__last__last_12h,exact,1,24.0,1639
bicarbonate_arterial__last__last_12h,exact,2,25.0,1503
bicarbonate_arterial__last__last_12h,exact,3,23.0,1473
bicarbonate_arterial__last__last_12h,exact,4,26.0,1396
bicarbonate_arterial__last__last_12h,exact,5,22.0,1338
bicarbonate_arterial__last__last_12h,exact,6,27.0,1211
bicarbonate_arterial__last__last_12h,exact,7,21.0,1125
bicarbonate_arterial__last__last_12h,exact,8,28.0,972
bicarbonate_arterial__last__last_12h,exact,9,20.0,921
bicarbonate_arterial__last__last_12h,exact,10,29.0,766
bicarbonate_arterial__last__last_12h,exact,11,19.0,679
bicarbonate_arterial__last__last_12h,exact,12,30.0,614
bicarbonate_arterial__last__last_12h,exact,13,18.0,478
bicarbonate_arterial__last__last_12h,exact,14,31.0,476
bicarbonate_arterial__last__last_12h,exact,15,17.0,373
bicarbonate_arterial__last__last_12h,exact,16,32.0,372
bicarbonate_arterial__last__last_12h,exact,17,33.0,266
bicarbonate_arterial__last__last_12h,exact,18,16.0,244
bicarbonate_arterial__last__last_12h,exact,19,34.0,210
bicarbonate_arterial__last__last_12h,exact,20,15.0,180
bicarbonate_arterial__last__last_12h,rounded_2dp,1,24.0,1639
bicarbonate_arterial__last__last_12h,rounded_2dp,2,25.0,1503
bicarbonate_arterial__last__last_12h,rounded_2dp,3,23.0,1473
bicarbonate_arterial__last__last_12h,rounded_2dp,4,26.0,1396
bicarbonate_arterial__last__last_12h,rounded_2dp,5,22.0,1338
bicarbonate_arterial__last__last_12h,rounded_2dp,6,27.0,1211
bicarbonate_arterial__last__last_12h,rounded_2dp,7,21.0,1125
bicarbonate_arterial__last__last_12h,rounded_2dp,8,28.0,972
bicarbonate_arterial__last__last_12h,rounded_2dp,9,20.0,921
bicarbonate_arterial__last__last_12h,rounded_2dp,10,29.0,766
bicarbonate_arterial__last__last_12h,rounded_2dp,11,19.0,679
bicarbonate_arterial__last__last_12h,rounded_2dp,12,30.0,614
bicarbonate_arterial__last__last_12h,rounded_2dp,13,18.0,478
bicarbonate_arterial__last__last_12h,rounded_2dp,14,31.0,476
bicarbonate_arterial__last__last_12h,rounded_2dp,15,17.0,373
bicarbonate_arterial__last__last_12h,rounded_2dp,16,32.0,372
bicarbonate_arterial__last__last_12h,rounded_2dp,17,33.0,266
bicarbonate_arterial__last__last_12h,rounded_2dp,18,16.0,244
bicarbonate_arterial__last__last_12h,rounded_2dp,19,34.0,210
bicarbonate_arterial__last__last_12h,rounded_2dp,20,15.0,180
activated_partial_thromboplastin_time__last__last_12h,exact,1,150.0,215
activated_partial_thromboplastin_time__last__last_12h,exact,2,27.399999618530273,80
activated_partial_thromboplastin_time__last__last_12h,exact,3,26.100000381469727,72
activated_partial_thromboplastin_time__last__last_12h,exact,4,25.899999618530273,70
activated_partial_thromboplastin_time__last__last_12h,exact,5,29.100000381469727,68
activated_partial_thromboplastin_time__last__last_12h,exact,6,28.299999237060547,68
activated_partial_thromboplastin_time__last__last_12h,exact,7,30.700000762939453,64
activated_partial_thromboplastin_time__last__last_12h,exact,8,26.899999618530273,64
activated_partial_thromboplastin_time__last__last_12h,exact,9,28.100000381469727,63
activated_partial_thromboplastin_time__last__last_12h,exact,10,27.899999618530273,61
activated_partial_thromboplastin_time__last__last_12h,exact,11,28.899999618530273,61
activated_partial_thromboplastin_time__last__last_12h,exact,12,27.5,61
activated_partial_thromboplastin_time__last__last_12h,exact,13,25.299999237060547,60
activated_partial_thromboplastin_time__last__last_12h,exact,14,28.399999618530273,60
activated_partial_thromboplastin_time__last__last_12h,exact,15,27.600000381469727,60
activated_partial_thromboplastin_time__last__last_12h,exact,16,27.299999237060547,60
activated_partial_thromboplastin_time__last__last_12h,exact,17,26.799999237060547,59
activated_partial_thromboplastin_time__last__last_12h,exact,18,29.0,59
activated_partial_thromboplastin_time__last__last_12h,exact,19,25.600000381469727,58
activated_partial_thromboplastin_time__last__last_12h,exact,20,27.700000762939453,58
activated_partial_thromboplastin_time__last__last_12h,rounded_2dp,1,150.0,215
activated_partial_thromboplastin_time__last__last_12h,rounded_2dp,2,27.4,80
activated_partial_thromboplastin_time__last__last_12h,rounded_2dp,3,26.1,72
activated_partial_thromboplastin_time__last__last_12h,rounded_2dp,4,25.9,70
activated_partial_thromboplastin_time__last__last_12h,rounded_2dp,5,29.1,68
activated_partial_thromboplastin_time__last__last_12h,rounded_2dp,6,28.3,68
activated_partial_thromboplastin_time__last__last_12h,rounded_2dp,7,30.7,64
activated_partial_thromboplastin_time__last__last_12h,rounded_2dp,8,26.9,64
activated_partial_thromboplastin_time__last__last_12h,rounded_2dp,9,28.1,63
activated_partial_thromboplastin_time__last__last_12h,rounded_2dp,10,27.9,61
activated_partial_thromboplastin_time__last__last_12h,rounded_2dp,11,28.9,61
activated_partial_thromboplastin_time__last__last_12h,rounded_2dp,12,27.5,61
activated_partial_thromboplastin_time__last__last_12h,rounded_2dp,13,25.3,60
activated_partial_thromboplastin_time__last__last_12h,rounded_2dp,14,28.4,60
activated_partial_thromboplastin_time__last__last_12h,rounded_2dp,15,27.6,60
activated_partial_thromboplastin_time__last__last_12h,rounded_2dp,16,27.3,60
activated_partial_thromboplastin_time__last__last_12h,rounded_2dp,17,26.8,59
activated_partial_thromboplastin_time__last__last_12h,rounded_2dp,18,29.0,59
activated_partial_thromboplastin_time__last__last_12h,rounded_2dp,19,25.6,58
activated_partial_thromboplastin_time__last__last_12h,rounded_2dp,20,27.7,58
temperature__mean__last_12h,exact,1,36.66666793823242,12830
temperature__mean__last_12h,exact,2,36.9444465637207,11983
temperature__mean__last_12h,exact,3,36.77777862548828,11274
temperature__mean__last_12h,exact,4,36.833335876464844,10623
temperature__mean__last_12h,exact,5,36.55555725097656,9403
temperature__mean__last_12h,exact,6,37.05555725097656,9309
temperature__mean__last_12h,exact,7,36.88888931274414,8132
temperature__mean__last_12h,exact,8,36.611114501953125,7658
temperature__mean__last_12h,exact,9,37.0,7639
temperature__mean__last_12h,exact,10,36.8703727722168,7638
temperature__mean__last_12h,exact,11,36.722225189208984,7457
temperature__mean__last_12h,exact,12,36.74074172973633,7313
temperature__mean__last_12h,exact,13,37.111114501953125,6863
temperature__mean__last_12h,exact,14,36.814815521240234,6757
temperature__mean__last_12h,exact,15,36.79629898071289,6730
temperature__mean__last_12h,exact,16,36.5,6512
temperature__mean__last_12h,exact,17,36.72222137451172,6443
temperature__mean__last_12h,exact,18,36.888893127441406,6242
temperature__mean__last_12h,exact,19,37.16666793823242,6024
temperature__mean__last_12h,exact,20,37.01852035522461,5954
temperature__mean__last_12h,rounded_2dp,1,36.78,15121
temperature__mean__last_12h,rounded_2dp,2,36.83,14402
temperature__mean__last_12h,rounded_2dp,3,36.89,14401
temperature__mean__last_12h,rounded_2dp,4,36.72,13955
temperature__mean__last_12h,rounded_2dp,5,36.67,13666
temperature__mean__last_12h,rounded_2dp,6,36.94,12885
temperature__mean__last_12h,rounded_2dp,7,36.81,11898
temperature__mean__last_12h,rounded_2dp,8,37.0,11784
temperature__mean__last_12h,rounded_2dp,9,36.61,11161
temperature__mean__last_12h,rounded_2dp,10,36.69,10557
temperature__mean__last_12h,rounded_2dp,11,37.06,10223
temperature__mean__last_12h,rounded_2dp,12,36.56,10111
temperature__mean__last_12h,rounded_2dp,13,37.11,8936
temperature__mean__last_12h,rounded_2dp,14,36.85,8828
temperature__mean__last_12h,rounded_2dp,15,36.93,8667
temperature__mean__last_12h,rounded_2dp,16,36.76,8644
temperature__mean__last_12h,rounded_2dp,17,36.74,8600
temperature__mean__last_12h,rounded_2dp,18,36.96,8086
temperature__mean__last_12h,rounded_2dp,19,36.8,8042
temperature__mean__last_12h,rounded_2dp,20,36.87,8030
hemoglobin__last__last_12h,exact,1,8.0,413
hemoglobin__last__last_12h,exact,2,8.199999809265137,407
hemoglobin__last__last_12h,exact,3,8.100000381469727,405
hemoglobin__last__last_12h,exact,4,8.300000190734863,399
hemoglobin__last__last_12h,exact,5,8.600000381469727,398
hemoglobin__last__last_12h,exact,6,8.399999618530273,393
hemoglobin__last__last_12h,exact,7,8.800000190734863,377
hemoglobin__last__last_12h,exact,8,8.5,377
hemoglobin__last__last_12h,exact,9,7.800000190734863,375
hemoglobin__last__last_12h,exact,10,8.699999809265137,374
hemoglobin__last__last_12h,exact,11,7.699999809265137,360
hemoglobin__last__last_12h,exact,12,8.899999618530273,360
hemoglobin__last__last_12h,exact,13,9.199999809265137,349
hemoglobin__last__last_12h,exact,14,7.900000095367432,347
hemoglobin__last__last_12h,exact,15,9.300000190734863,346
hemoglobin__last__last_12h,exact,16,9.0,338
hemoglobin__last__last_12h,exact,17,9.899999618530273,334
hemoglobin__last__last_12h,exact,18,9.699999809265137,332
hemoglobin__last__last_12h,exact,19,9.100000381469727,320
hemoglobin__last__last_12h,exact,20,7.599999904632568,315
hemoglobin__last__last_12h,rounded_2dp,1,8.0,413
hemoglobin__last__last_12h,rounded_2dp,2,8.2,407
hemoglobin__last__last_12h,rounded_2dp,3,8.1,405
hemoglobin__last__last_12h,rounded_2dp,4,8.3,399
hemoglobin__last__last_12h,rounded_2dp,5,8.6,398
hemoglobin__last__last_12h,rounded_2dp,6,8.4,393
hemoglobin__last__last_12h,rounded_2dp,7,8.8,377
hemoglobin__last__last_12h,rounded_2dp,8,8.5,377
hemoglobin__last__last_12h,rounded_2dp,9,7.8,375
hemoglobin__last__last_12h,rounded_2dp,10,8.7,374
hemoglobin__last__last_12h,rounded_2dp,11,7.7,360
hemoglobin__last__last_12h,rounded_2dp,12,8.9,360
hemoglobin__last__last_12h,rounded_2dp,13,9.2,349
hemoglobin__last__last_12h,rounded_2dp,14,7.9,347
hemoglobin__last__last_12h,rounded_2dp,15,9.3,346
hemoglobin__last__last_12h,rounded_2dp,16,9.0,338
hemoglobin__last__last_12h,rounded_2dp,17,9.9,334
hemoglobin__last__last_12h,rounded_2dp,18,9.7,332
hemoglobin__last__last_12h,rounded_2dp,19,9.1,320
hemoglobin__last__last_12h,rounded_2dp,20,7.6,315
heart_rate__mean__last_12h,exact,1,80.0,2558
heart_rate__mean__last_12h,exact,2,70.0,1983
heart_rate__mean__last_12h,exact,3,75.0,1825
heart_rate__mean__last_12h,exact,4,82.0,1767
heart_rate__mean__last_12h,exact,5,81.0,1731
heart_rate__mean__last_12h,exact,6,83.0,1713
heart_rate__mean__last_12h,exact,7,90.0,1696
heart_rate__mean__last_12h,exact,8,78.0,1693
heart_rate__mean__last_12h,exact,9,79.0,1692
heart_rate__mean__last_12h,exact,10,76.0,1681
heart_rate__mean__last_12h,exact,11,86.0,1669
heart_rate__mean__last_12h,exact,12,84.0,1656
heart_rate__mean__last_12h,exact,13,85.0,1653
heart_rate__mean__last_12h,exact,14,87.0,1646
heart_rate__mean__last_12h,exact,15,88.0,1639
heart_rate__mean__last_12h,exact,16,77.0,1582
heart_rate__mean__last_12h,exact,17,74.0,1549
heart_rate__mean__last_12h,exact,18,73.0,1526
heart_rate__mean__last_12h,exact,19,89.0,1514
heart_rate__mean__last_12h,exact,20,91.0,1435
heart_rate__mean__last_12h,rounded_2dp,1,80.0,2558
heart_rate__mean__last_12h,rounded_2dp,2,70.0,1983
heart_rate__mean__last_12h,rounded_2dp,3,75.0,1825
heart_rate__mean__last_12h,rounded_2dp,4,82.0,1767
heart_rate__mean__last_12h,rounded_2dp,5,81.0,1731
heart_rate__mean__last_12h,rounded_2dp,6,83.0,1713
heart_rate__mean__last_12h,rounded_2dp,7,90.0,1696
heart_rate__mean__last_12h,rounded_2dp,8,78.0,1693
heart_rate__mean__last_12h,rounded_2dp,9,79.0,1692
heart_rate__mean__last_12h,rounded_2dp,10,76.0,1681
heart_rate__mean__last_12h,rounded_2dp,11,86.0,1669
heart_rate__mean__last_12h,rounded_2dp,12,84.0,1656
heart_rate__mean__last_12h,rounded_2dp,13,85.0,1653
heart_rate__mean__last_12h,rounded_2dp,14,87.0,1646
heart_rate__mean__last_12h,rounded_2dp,15,88.0,1639
heart_rate__mean__last_12h,rounded_2dp,16,77.0,1582
heart_rate__mean__last_12h,rounded_2dp,17,74.0,1549
heart_rate__mean__last_12h,rounded_2dp,18,73.0,1526
heart_rate__mean__last_12h,rounded_2dp,19,89.0,1514
heart_rate__mean__last_12h,rounded_2dp,20,91.0,1435
arterial_blood_pressure_mean__mean__last_12h,exact,1,75.0,2355
arterial_blood_pressure_mean__mean__last_12h,exact,2,74.0,2347
arterial_blood_pressure_mean__mean__last_12h,exact,3,77.0,2320
arterial_blood_pressure_mean__mean__last_12h,exact,4,73.0,2312
arterial_blood_pressure_mean__mean__last_12h,exact,5,76.0,2249
arterial_blood_pressure_mean__mean__last_12h,exact,6,72.0,2204
arterial_blood_pressure_mean__mean__last_12h,exact,7,78.0,2196
arterial_blood_pressure_mean__mean__last_12h,exact,8,79.0,2159
arterial_blood_pressure_mean__mean__last_12h,exact,9,80.0,2149
arterial_blood_pressure_mean__mean__last_12h,exact,10,71.0,2107
arterial_blood_pressure_mean__mean__last_12h,exact,11,81.0,2079
arterial_blood_pressure_mean__mean__last_12h,exact,12,70.0,2067
arterial_blood_pressure_mean__mean__last_12h,exact,13,82.0,1966
arterial_blood_pressure_mean__mean__last_12h,exact,14,69.0,1962
arterial_blood_pressure_mean__mean__last_12h,exact,15,83.0,1925
arterial_blood_pressure_mean__mean__last_12h,exact,16,84.0,1906
arterial_blood_pressure_mean__mean__last_12h,exact,17,85.0,1831
arterial_blood_pressure_mean__mean__last_12h,exact,18,68.0,1807
arterial_blood_pressure_mean__mean__last_12h,exact,19,87.0,1747
arterial_blood_pressure_mean__mean__last_12h,exact,20,86.0,1688
arterial_blood_pressure_mean__mean__last_12h,rounded_2dp,1,75.0,2355
arterial_blood_pressure_mean__mean__last_12h,rounded_2dp,2,74.0,2347
arterial_blood_pressure_mean__mean__last_12h,rounded_2dp,3,77.0,2320
arterial_blood_pressure_mean__mean__last_12h,rounded_2dp,4,73.0,2314
arterial_blood_pressure_mean__mean__last_12h,rounded_2dp,5,76.0,2251
arterial_blood_pressure_mean__mean__last_12h,rounded_2dp,6,72.0,2204
arterial_blood_pressure_mean__mean__last_12h,rounded_2dp,7,78.0,2196
arterial_blood_pressure_mean__mean__last_12h,rounded_2dp,8,79.0,2159
arterial_blood_pressure_mean__mean__last_12h,rounded_2dp,9,80.0,2149
arterial_blood_pressure_mean__mean__last_12h,rounded_2dp,10,71.0,2107
arterial_blood_pressure_mean__mean__last_12h,rounded_2dp,11,81.0,2079
arterial_blood_pressure_mean__mean__last_12h,rounded_2dp,12,70.0,2067
arterial_blood_pressure_mean__mean__last_12h,rounded_2dp,13,82.0,1967
arterial_blood_pressure_mean__mean__last_12h,rounded_2dp,14,69.0,1963
arterial_blood_pressure_mean__mean__last_12h,rounded_2dp,15,83.0,1926
arterial_blood_pressure_mean__mean__last_12h,rounded_2dp,16,84.0,1907
arterial_blood_pressure_mean__mean__last_12h,rounded_2dp,17,85.0,1831
arterial_blood_pressure_mean__mean__last_12h,rounded_2dp,18,68.0,1807
arterial_blood_pressure_mean__mean__last_12h,rounded_2dp,19,87.0,1748
arterial_blood_pressure_mean__mean__last_12h,rounded_2dp,20,86.0,1688
creatinine__last__last_12h,exact,1,61.880001068115234,1589
creatinine__last__last_12h,exact,2,70.72000122070312,1534
creatinine__last__last_12h,exact,3,53.04000473022461,1495
creatinine__last__last_12h,exact,4,79.55999755859375,1323
creatinine__last__last_12h,exact,5,44.20000076293945,1155
creatinine__last__last_12h,exact,6,88.4000015258789,1030
creatinine__last__last_12h,exact,7,97.24000549316406,905
creatinine__last__last_12h,exact,8,106.08000946044922,672
creatinine__last__last_12h,exact,9,35.36000061035156,611
creatinine__last__last_12h,exact,10,114.91999816894531,584
creatinine__last__last_12h,exact,11,123.76000213623047,489
creatinine__last__last_12h,exact,12,132.60000610351562,432
creatinine__last__last_12h,exact,13,141.44000244140625,411
creatinine__last__last_12h,exact,14,159.1199951171875,338
creatinine__last__last_12h,exact,15,150.28001403808594,332
creatinine__last__last_12h,exact,16,167.9600067138672,273
creatinine__last__last_12h,exact,17,26.520002365112305,256
creatinine__last__last_12h,exact,18,176.8000030517578,253
creatinine__last__last_12h,exact,19,185.63999938964844,245
creatinine__last__last_12h,exact,20,203.3199920654297,203
creatinine__last__last_12h,rounded_2dp,1,61.88,1589
creatinine__last__last_12h,rounded_2dp,2,70.72,1534
creatinine__last__last_12h,rounded_2dp,3,53.04,1495
creatinine__last__last_12h,rounded_2dp,4,79.56,1323
creatinine__last__last_12h,rounded_2dp,5,44.2,1155
creatinine__last__last_12h,rounded_2dp,6,88.4,1030
creatinine__last__last_12h,rounded_2dp,7,97.24,905
creatinine__last__last_12h,rounded_2dp,8,106.08,672
creatinine__last__last_12h,rounded_2dp,9,35.36,611
creatinine__last__last_12h,rounded_2dp,10,114.92,584
creatinine__last__last_12h,rounded_2dp,11,123.76,489
creatinine__last__last_12h,rounded_2dp,12,132.6,432
creatinine__last__last_12h,rounded_2dp,13,141.44,411
creatinine__last__last_12h,rounded_2dp,14,159.12,338
creatinine__last__last_12h,rounded_2dp,15,150.28,332
creatinine__last__last_12h,rounded_2dp,16,167.96,273
creatinine__last__last_12h,rounded_2dp,17,26.52,256
creatinine__last__last_12h,rounded_2dp,18,176.8,253
creatinine__last__last_12h,rounded_2dp,19,185.64,245
creatinine__last__last_12h,rounded_2dp,20,203.32,203
ureum__last__last_12h,exact,1,4.998000144958496,545
ureum__last__last_12h,exact,2,5.711999893188477,535
ureum__last__last_12h,exact,3,3.927000045776367,534
ureum__last__last_12h,exact,4,4.640999794006348,530
ureum__last__last_12h,exact,5,4.283999919891357,529
ureum__last__last_12h,exact,6,5.355000019073486,520
ureum__last__last_12h,exact,7,6.068999767303467,519
ureum__last__last_12h,exact,8,3.569999933242798,495
ureum__last__last_12h,exact,9,6.7829999923706055,493
ureum__last__last_12h,exact,10,6.425999641418457,479
ureum__last__last_12h,exact,11,7.139999866485596,456
ureum__last__last_12h,exact,12,3.2129998207092285,455
ureum__last__last_12h,exact,13,7.496999740600586,413
ureum__last__last_12h,exact,14,7.854000091552734,393
ureum__last__last_12h,exact,15,2.8559999465942383,379
ureum__last__last_12h,exact,16,8.210999488830566,376
ureum__last__last_12h,exact,17,8.567999839782715,366
ureum__last__last_12h,exact,18,2.499000072479248,322
ureum__last__last_12h,exact,19,8.925000190734863,316
ureum__last__last_12h,exact,20,9.281999588012695,307
ureum__last__last_12h,rounded_2dp,1,5.0,545
ureum__last__last_12h,rounded_2dp,2,5.71,535
ureum__last__last_12h,rounded_2dp,3,3.93,534
ureum__last__last_12h,rounded_2dp,4,4.64,530
ureum__last__last_12h,rounded_2dp,5,4.28,529
ureum__last__last_12h,rounded_2dp,6,5.36,520
ureum__last__last_12h,rounded_2dp,7,6.07,519
ureum__last__last_12h,rounded_2dp,8,3.57,495
ureum__last__last_12h,rounded_2dp,9,6.78,493
ureum__last__last_12h,rounded_2dp,10,6.43,479
ureum__last__last_12h,rounded_2dp,11,7.14,456
ureum__last__last_12h,rounded_2dp,12,3.21,455
ureum__last__last_12h,rounded_2dp,13,7.5,413
ureum__last__last_12h,rounded_2dp,14,7.85,393
ureum__last__last_12h,rounded_2dp,15,2.86,379
ureum__last__last_12h,rounded_2dp,16,8.21,376
ureum__last__last_12h,rounded_2dp,17,8.57,366
ureum__last__last_12h,rounded_2dp,18,2.5,322
ureum__last__last_12h,rounded_2dp,19,8.93,316
ureum__last__last_12h,rounded_2dp,20,9.28,307
fluid_out_urine__mean__last_12h,exact,1,100.0,3078
fluid_out_urine__mean__last_12h,exact,2,150.0,2404
fluid_out_urine__mean__last_12h,exact,3,0.0,2306
fluid_out_urine__mean__last_12h,exact,4,200.0,2292
fluid_out_urine__mean__last_12h,exact,5,50.0,2214
fluid_out_urine__mean__last_12h,exact,6,75.0,2146
fluid_out_urine__mean__last_12h,exact,7,125.0,2112
fluid_out_urine__mean__last_12h,exact,8,60.0,2080
fluid_out_urine__mean__last_12h,exact,9,80.0,1944
fluid_out_urine__mean__last_12h,exact,10,90.0,1766
fluid_out_urine__mean__last_12h,exact,11,40.0,1748
fluid_out_urine__mean__last_12h,exact,12,120.0,1734
fluid_out_urine__mean__last_12h,exact,13,70.0,1695
fluid_out_urine__mean__last_12h,exact,14,30.0,1649
fluid_out_urine__mean__last_12h,exact,15,45.0,1638
fluid_out_urine__mean__last_12h,exact,16,10.0,1594
fluid_out_urine__mean__last_12h,exact,17,110.0,1572
fluid_out_urine__mean__last_12h,exact,18,85.0,1565
fluid_out_urine__mean__last_12h,exact,19,65.0,1561
fluid_out_urine__mean__last_12h,exact,20,175.0,1550
fluid_out_urine__mean__last_12h,rounded_2dp,1,100.0,3078
fluid_out_urine__mean__last_12h,rounded_2dp,2,150.0,2404
fluid_out_urine__mean__last_12h,rounded_2dp,3,0.0,2306
fluid_out_urine__mean__last_12h,rounded_2dp,4,200.0,2292
fluid_out_urine__mean__last_12h,rounded_2dp,5,50.0,2214
fluid_out_urine__mean__last_12h,rounded_2dp,6,75.0,2146
fluid_out_urine__mean__last_12h,rounded_2dp,7,125.0,2112
fluid_out_urine__mean__last_12h,rounded_2dp,8,60.0,2080
fluid_out_urine__mean__last_12h,rounded_2dp,9,80.0,1944
fluid_out_urine__mean__last_12h,rounded_2dp,10,90.0,1766
fluid_out_urine__mean__last_12h,rounded_2dp,11,40.0,1748
fluid_out_urine__mean__last_12h,rounded_2dp,12,120.0,1734
fluid_out_urine__mean__last_12h,rounded_2dp,13,70.0,1695
fluid_out_urine__mean__last_12h,rounded_2dp,14,30.0,1649
fluid_out_urine__mean__last_12h,rounded_2dp,15,45.0,1638
fluid_out_urine__mean__last_12h,rounded_2dp,16,10.0,1594
fluid_out_urine__mean__last_12h,rounded_2dp,17,110.0,1572
fluid_out_urine__mean__last_12h,rounded_2dp,18,85.0,1565
fluid_out_urine__mean__last_12h,rounded_2dp,19,65.0,1561
fluid_out_urine__mean__last_12h,rounded_2dp,20,175.0,1550
lactate__last__last_12h,exact,1,1.100000023841858,522
lactate__last__last_12h,exact,2,1.2000000476837158,511
lactate__last__last_12h,exact,3,1.0,505
lactate__last__last_12h,exact,4,1.399999976158142,495
lactate__last__last_12h,exact,5,1.5,488
lactate__last__last_12h,exact,6,1.2999999523162842,485
lactate__last__last_12h,exact,7,0.8999999761581421,425
lactate__last__last_12h,exact,8,1.600000023841858,422
lactate__last__last_12h,exact,9,0.800000011920929,372
lactate__last__last_12h,exact,10,1.7000000476837158,357
lactate__last__last_12h,exact,11,1.7999999523162842,335
lactate__last__last_12h,exact,12,2.0,309
lactate__last__last_12h,exact,13,1.899999976158142,302
lactate__last__last_12h,exact,14,2.0999999046325684,245
lactate__last__last_12h,exact,15,0.699999988079071,236
lactate__last__last_12h,exact,16,2.200000047683716,223
lactate__last__last_12h,exact,17,2.299999952316284,210
lactate__last__last_12h,exact,18,2.4000000953674316,202
lactate__last__last_12h,exact,19,2.5,177
lactate__last__last_12h,exact,20,2.5999999046325684,158
lactate__last__last_12h,rounded_2dp,1,1.1,522
lactate__last__last_12h,rounded_2dp,2,1.2,511
lactate__last__last_12h,rounded_2dp,3,1.0,505
lactate__last__last_12h,rounded_2dp,4,1.4,495
lactate__last__last_12h,rounded_2dp,5,1.5,488
lactate__last__last_12h,rounded_2dp,6,1.3,485
lactate__last__last_12h,rounded_2dp,7,0.9,425
lactate__last__last_12h,rounded_2dp,8,1.6,422
lactate__last__last_12h,rounded_2dp,9,0.8,372
lactate__last__last_12h,rounded_2dp,10,1.7,357
lactate__last__last_12h,rounded_2dp,11,1.8,335
lactate__last__last_12h,rounded_2dp,12,2.0,309
lactate__last__last_12h,rounded_2dp,13,1.9,302
lactate__last__last_12h,rounded_2dp,14,2.1,245
lactate__last__last_12h,rounded_2dp,15,0.7,236
lactate__last__last_12h,rounded_2dp,16,2.2,223
lactate__last__last_12h,rounded_2dp,17,2.3,210
lactate__last__last_12h,rounded_2dp,18,2.4,202
lactate__last__last_12h,rounded_2dp,19,2.5,177
lactate__last__last_12h,rounded_2dp,20,2.6,158
pco2_arterial__mean__last_12h,exact,1,38.0,7444
pco2_arterial__mean__last_12h,exact,2,40.0,7435
pco2_arterial__mean__last_12h,exact,3,39.0,7429
pco2_arterial__mean__last_12h,exact,4,37.0,7216
pco2_arterial__mean__last_12h,exact,5,41.0,7087
pco2_arterial__mean__last_12h,exact,6,42.0,6964
pco2_arterial__mean__last_12h,exact,7,36.0,6832
pco2_arterial__mean__last_12h,exact,8,43.0,6426
pco2_arterial__mean__last_12h,exact,9,44.0,6081
pco2_arterial__mean__last_12h,exact,10,35.0,6015
pco2_arterial__mean__last_12h,exact,11,34.0,5823
pco2_arterial__mean__last_12h,exact,12,45.0,5555
pco2_arterial__mean__last_12h,exact,13,46.0,4997
pco2_arterial__mean__last_12h,exact,14,33.0,4823
pco2_arterial__mean__last_12h,exact,15,47.0,4497
pco2_arterial__mean__last_12h,exact,16,32.0,4279
pco2_arterial__mean__last_12h,exact,17,48.0,3994
pco2_arterial__mean__last_12h,exact,18,49.0,3605
pco2_arterial__mean__last_12h,exact,19,31.0,3464
pco2_arterial__mean__last_12h,exact,20,50.0,3262
pco2_arterial__mean__last_12h,rounded_2dp,1,38.0,7444
pco2_arterial__mean__last_12h,rounded_2dp,2,40.0,7435
pco2_arterial__mean__last_12h,rounded_2dp,3,39.0,7429
pco2_arterial__mean__last_12h,rounded_2dp,4,37.0,7216
pco2_arterial__mean__last_12h,rounded_2dp,5,41.0,7087
pco2_arterial__mean__last_12h,rounded_2dp,6,42.0,6964
pco2_arterial__mean__last_12h,rounded_2dp,7,36.0,6832
pco2_arterial__mean__last_12h,rounded_2dp,8,43.0,6426
pco2_arterial__mean__last_12h,rounded_2dp,9,44.0,6081
pco2_arterial__mean__last_12h,rounded_2dp,10,35.0,6015
pco2_arterial__mean__last_12h,rounded_2dp,11,34.0,5823
pco2_arterial__mean__last_12h,rounded_2dp,12,45.0,5555
pco2_arterial__mean__last_12h,rounded_2dp,13,46.0,4997
pco2_arterial__mean__last_12h,rounded_2dp,14,33.0,4823
pco2_arterial__mean__last_12h,rounded_2dp,15,47.0,4497
pco2_arterial__mean__last_12h,rounded_2dp,16,32.0,4279
pco2_arterial__mean__last_12h,rounded_2dp,17,48.0,3994
pco2_arterial__mean__last_12h,rounded_2dp,18,49.0,3605
pco2_arterial__mean__last_12h,rounded_2dp,19,31.0,3464
pco2_arterial__mean__last_12h,rounded_2dp,20,50.0,3262
respiratory_rate_measured__mean__last_12h,exact,1,18.0,7956
respiratory_rate_measured__mean__last_12h,exact,2,20.0,7028
respiratory_rate_measured__mean__last_12h,exact,3,16.0,6725
respiratory_rate_measured__mean__last_12h,exact,4,19.0,6632
respiratory_rate_measured__mean__last_12h,exact,5,17.0,6393
respiratory_rate_measured__mean__last_12h,exact,6,21.0,5427
respiratory_rate_measured__mean__last_12h,exact,7,22.0,5372
respiratory_rate_measured__mean__last_12h,exact,8,15.0,4563
respiratory_rate_measured__mean__last_12h,exact,9,18.5,4139
respiratory_rate_measured__mean__last_12h,exact,10,17.5,4098
respiratory_rate_measured__mean__last_12h,exact,11,19.5,4029
respiratory_rate_measured__mean__last_12h,exact,12,23.0,3907
respiratory_rate_measured__mean__last_12h,exact,13,24.0,3888
respiratory_rate_measured__mean__last_12h,exact,14,16.5,3666
respiratory_rate_measured__mean__last_12h,exact,15,20.5,3633
respiratory_rate_measured__mean__last_12h,exact,16,18.66666603088379,3441
respiratory_rate_measured__mean__last_12h,exact,17,18.33333396911621,3432
respiratory_rate_measured__mean__last_12h,exact,18,17.33333396911621,3364
respiratory_rate_measured__mean__last_12h,exact,19,14.0,3362
respiratory_rate_measured__mean__last_12h,exact,20,19.66666603088379,3355
respiratory_rate_measured__mean__last_12h,rounded_2dp,1,18.0,7956
respiratory_rate_measured__mean__last_12h,rounded_2dp,2,20.0,7028
respiratory_rate_measured__mean__last_12h,rounded_2dp,3,16.0,6725
respiratory_rate_measured__mean__last_12h,rounded_2dp,4,19.0,6632
respiratory_rate_measured__mean__last_12h,rounded_2dp,5,17.0,6393
respiratory_rate_measured__mean__last_12h,rounded_2dp,6,21.0,5427
respiratory_rate_measured__mean__last_12h,rounded_2dp,7,22.0,5372
respiratory_rate_measured__mean__last_12h,rounded_2dp,8,15.0,4563
respiratory_rate_measured__mean__last_12h,rounded_2dp,9,18.5,4139
respiratory_rate_measured__mean__last_12h,rounded_2dp,10,17.5,4098
respiratory_rate_measured__mean__last_12h,rounded_2dp,11,19.5,4029
respiratory_rate_measured__mean__last_12h,rounded_2dp,12,23.0,3907
respiratory_rate_measured__mean__last_12h,rounded_2dp,13,24.0,3888
respiratory_rate_measured__mean__last_12h,rounded_2dp,14,16.5,3666
respiratory_rate_measured__mean__last_12h,rounded_2dp,15,20.5,3633
respiratory_rate_measured__mean__last_12h,rounded_2dp,16,18.67,3442
respiratory_rate_measured__mean__last_12h,rounded_2dp,17,18.33,3432
respiratory_rate_measured__mean__last_12h,rounded_2dp,18,17.33,3369
respiratory_rate_measured__mean__last_12h,rounded_2dp,19,14.0,3362
respiratory_rate_measured__mean__last_12h,rounded_2dp,20,19.67,3357
o2_saturation__mean__last_12h,exact,1,100.0,18357
o2_saturation__mean__last_12h,exact,2,97.0,12261
o2_saturation__mean__last_12h,exact,3,96.0,11618
o2_saturation__mean__last_12h,exact,4,98.0,11214
o2_saturation__mean__last_12h,exact,5,99.0,9225
o2_saturation__mean__last_12h,exact,6,95.0,9142
o2_saturation__mean__last_12h,exact,7,96.5,7215
o2_saturation__mean__last_12h,exact,8,97.5,7058
o2_saturation__mean__last_12h,exact,9,95.5,6280
o2_saturation__mean__last_12h,exact,10,98.5,6229
o2_saturation__mean__last_12h,exact,11,96.66666412353516,5971
o2_saturation__mean__last_12h,exact,12,97.33333587646484,5912
o2_saturation__mean__last_12h,exact,13,94.0,5870
o2_saturation__mean__last_12h,exact,14,96.33333587646484,5826
o2_saturation__mean__last_12h,exact,15,97.66666412353516,5814
o2_saturation__mean__last_12h,exact,16,99.5,5336
o2_saturation__mean__last_12h,exact,17,98.33333587646484,5327
o2_saturation__mean__last_12h,exact,18,96.75,5312
o2_saturation__mean__last_12h,exact,19,97.25,5258
o2_saturation__mean__last_12h,exact,20,95.66666412353516,5165
o2_saturation__mean__last_12h,rounded_2dp,1,100.0,18357
o2_saturation__mean__last_12h,rounded_2dp,2,97.0,12262
o2_saturation__mean__last_12h,rounded_2dp,3,96.0,11618
o2_saturation__mean__last_12h,rounded_2dp,4,98.0,11214
o2_saturation__mean__last_12h,rounded_2dp,5,99.0,9225
o2_saturation__mean__last_12h,rounded_2dp,6,95.0,9142
o2_saturation__mean__last_12h,rounded_2dp,7,96.5,7215
o2_saturation__mean__last_12h,rounded_2dp,8,97.5,7058
o2_saturation__mean__last_12h,rounded_2dp,9,95.5,6280
o2_saturation__mean__last_12h,rounded_2dp,10,98.5,6229
o2_saturation__mean__last_12h,rounded_2dp,11,96.67,5971
o2_saturation__mean__last_12h,rounded_2dp,12,97.33,5914
o2_saturation__mean__last_12h,rounded_2dp,13,94.0,5870
o2_saturation__mean__last_12h,rounded_2dp,14,96.33,5828
o2_saturation__mean__last_12h,rounded_2dp,15,97.67,5816
o2_saturation__mean__last_12h,rounded_2dp,16,99.92,5459
o2_saturation__mean__last_12h,rounded_2dp,17,96.92,5409
o2_saturation__mean__last_12h,rounded_2dp,18,99.5,5336
o2_saturation__mean__last_12h,rounded_2dp,19,98.33,5329
o2_saturation__mean__last_12h,rounded_2dp,20,97.08,5324
fio2__last__last_12h,exact,1,40.0,18195
fio2__last__last_12h,exact,2,50.0,12004
fio2__last__last_12h,exact,3,30.0,3990
fio2__last__last_12h,exact,4,60.0,3252
fio2__last__last_12h,exact,5,35.0,3143
fio2__last__last_12h,exact,6,70.0,1714
fio2__last__last_12h,exact,7,100.0,1556
fio2__last__last_12h,exact,8,80.0,884
fio2__last__last_12h,exact,9,45.0,298
fio2__last__last_12h,exact,10,90.0,263
fio2__last__last_12h,exact,11,95.0,231
fio2__last__last_12h,exact,12,55.0,184
fio2__last__last_12h,exact,13,21.0,182
fio2__last__last_12h,exact,14,28.0,123
fio2__last__last_12h,exact,15,25.0,92
fio2__last__last_12h,exact,16,75.0,91
fio2__last__last_12h,exact,17,65.0,91
fio2__last__last_12h,exact,18,0.0,58
fio2__last__last_12h,exact,19,2.0,43
fio2__last__last_12h,exact,20,4.0,29
fio2__last__last_12h,rounded_2dp,1,40.0,18195
fio2__last__last_12h,rounded_2dp,2,50.0,12004
fio2__last__last_12h,rounded_2dp,3,30.0,3990
fio2__last__last_12h,rounded_2dp,4,60.0,3252
fio2__last__last_12h,rounded_2dp,5,35.0,3143
fio2__last__last_12h,rounded_2dp,6,70.0,1714
fio2__last__last_12h,rounded_2dp,7,100.0,1556
fio2__last__last_12h,rounded_2dp,8,80.0,884
fio2__last__last_12h,rounded_2dp,9,45.0,298
fio2__last__last_12h,rounded_2dp,10,90.0,263
fio2__last__last_12h,rounded_2dp,11,95.0,231
fio2__last__last_12h,rounded_2dp,12,55.0,184
fio2__last__last_12h,rounded_2dp,13,21.0,182
fio2__last__last_12h,rounded_2dp,14,28.0,123
fio2__last__last_12h,rounded_2dp,15,25.0,92
fio2__last__last_12h,rounded_2dp,16,75.0,91
fio2__last__last_12h,rounded_2dp,17,65.0,91
fio2__last__last_12h,rounded_2dp,18,0.0,58
fio2__last__last_12h,rounded_2dp,19,2.0,43
fio2__last__last_12h,rounded_2dp,20,4.0,29
po2_arterial__mean__last_12h,exact,1,89.0,1719
po2_arterial__mean__last_12h,exact,2,86.0,1711
po2_arterial__mean__last_12h,exact,3,39.0,1680
po2_arterial__mean__last_12h,exact,4,82.0,1674
po2_arterial__mean__last_12h,exact,5,80.0,1674
po2_arterial__mean__last_12h,exact,6,40.0,1661
po2_arterial__mean__last_12h,exact,7,88.0,1652
po2_arterial__mean__last_12h,exact,8,38.0,1637
po2_arterial__mean__last_12h,exact,9,41.0,1630
po2_arterial__mean__last_12h,exact,10,85.0,1621
po2_arterial__mean__last_12h,exact,11,90.0,1620
po2_arterial__mean__last_12h,exact,12,83.0,1614
po2_arterial__mean__last_12h,exact,13,84.0,1612
po2_arterial__mean__last_12h,exact,14,93.0,1612
po2_arterial__mean__last_12h,exact,15,92.0,1598
po2_arterial__mean__last_12h,exact,16,87.0,1594
po2_arterial__mean__last_12h,exact,17,37.0,1590
po2_arterial__mean__last_12h,exact,18,81.0,1589
po2_arterial__mean__last_12h,exact,19,91.0,1571
po2_arterial__mean__last_12h,exact,20,95.0,1553
po2_arterial__mean__last_12h,rounded_2dp,1,89.0,1719
po2_arterial__mean__last_12h,rounded_2dp,2,86.0,1711
po2_arterial__mean__last_12h,rounded_2dp,3,39.0,1680
po2_arterial__mean__last_12h,rounded_2dp,4,80.0,1674
po2_arterial__mean__last_12h,rounded_2dp,5,82.0,1674
po2_arterial__mean__last_12h,rounded_2dp,6,40.0,1661
po2_arterial__mean__last_12h,rounded_2dp,7,88.0,1652
po2_arterial__mean__last_12h,rounded_2dp,8,38.0,1637
po2_arterial__mean__last_12h,rounded_2dp,9,41.0,1630
po2_arterial__mean__last_12h,rounded_2dp,10,85.0,1621
po2_arterial__mean__last_12h,rounded_2dp,11,90.0,1620
po2_arterial__mean__last_12h,rounded_2dp,12,83.0,1614
po2_arterial__mean__last_12h,rounded_2dp,13,84.0,1612
po2_arterial__mean__last_12h,rounded_2dp,14,93.0,1612
po2_arterial__mean__last_12h,rounded_2dp,15,92.0,1598
po2_arterial__mean__last_12h,rounded_2dp,16,87.0,1594
po2_arterial__mean__last_12h,rounded_2dp,17,37.0,1590
po2_arterial__mean__last_12h,rounded_2dp,18,81.0,1589
po2_arterial__mean__last_12h,rounded_2dp,19,91.0,1571
po2_arterial__mean__last_12h,rounded_2dp,20,95.0,1553
